participant_code,session_code,feed_toxicity,time_on_feed,lottery_signup,brand_attitude,brand_attitude_c,brand_commitment,mood_pos,mood_neg,attribution,ad_involvement,ad_arousal,info_diagnosticity,recall_unaided,recall_aided,noticed_ad,purchase,choice_mms,seen_movie,movie_liking,brand_familiarity,social_media_usage,age,gender,ethnicity,experienced_toxicity,scroll_depth,ad_dwell_time
06u8on96,c1mufosc,0.2634,50.552,0,5.83333333333333,4.5,5,5.33333333333333,1,12.6666666666667,2.33333333333333,4.66666666666667,5.66666666666667,0,1,1,90,1,4,6,1,5,37,2,2,3.36180139,21,1.3
08ugwg9l,c1mufosc,0.2595,115.645,0,5.16666666666667,5.33333333333333,2.33333333333333,4.33333333333333,2,11,2.66666666666667,4,4,1,1,1,70,0,4,3,1,6,47,2,1,3.559670945,24,0.632
0lls09as,c1mufosc,0.438,66.846,0,4.5,5.83333333333333,5.33333333333333,5,1.66666666666667,11.6666666666667,1.66666666666667,4,5.33333333333333,0,0,0,91,0,3,,1,6,42,2,2,5.57520553,8,
0ow1o7vm,c1mufosc,0.6387,119.869,0,7,7,3,4.66666666666667,3,12,5,6,4.33333333333333,1,1,1,100,0,5,4,1,7,24,2,1,8.46261542,16,7.607
0y0kms72,c1mufosc,0.4215,100.914,0,5.33333333333333,5.5,5.66666666666667,4.33333333333333,2,11.3333333333333,5,4.66666666666667,4,1,1,1,70,1,4,3,1,7,32,2,1,5.94114882,24,2.256
0yyaj1bl,c1mufosc,0.2895,184.639,0,7,6,8.66666666666667,6,1,12.6666666666667,5,5,5,1,1,1,100,1,4,4,1,7,59,1,2,3.624436258,26,6.42
10ft01zf,c1mufosc,0.3589,85.971,0,7,7,1,7,1,12,1,7,7,0,1,1,100,1,3,,1,7,27,1,2,4.82790718,26,0.679
1f19dgry,c1mufosc,0.3628,95.845,0,4.5,5,3,4.66666666666667,1,11.3333333333333,1,1.66666666666667,2,1,1,1,80,1,4,5,1,4,38,2,1,5.025532493,24,5.643
1mqmic5q,c1mufosc,0.3612,58.62,0,6.5,6.5,5.33333333333333,5.33333333333333,1.33333333333333,9.66666666666667,4.66666666666667,5.66666666666667,3.66666666666667,1,1,1,90,1,3,,1,2,37,2,1,4.6809985,17,5.965
1nutol1a,c1mufosc,0.7373,156.377,0,4.83333333333333,5,6.33333333333333,4.66666666666667,1.33333333333333,11.6666666666667,1,4,1,0,0,0,100,1,4,5,1,4,48,2,1,9.72718325,16,3.614
21xcl4i9,c1mufosc,0.1461,87.317,0,4.5,4.16666666666667,3.66666666666667,4.33333333333333,2.33333333333333,12,1,4,4,1,1,1,40,0,4,5,1,5,25,1,1,1.991842322,16,3.785
2cehzs9m,c1mufosc,0.791,51.685,0,6.16666666666667,6.16666666666667,2.33333333333333,3.66666666666667,2,11.6666666666667,1,4,4,0,0,0,100,1,3,,1,7,41,2,1,9.64333635,10,
2h7az2f0,c1mufosc,0.7991,226.623,0,6.33333333333333,6.5,6.33333333333333,6.66666666666667,1,11.3333333333333,5.33333333333333,6.33333333333333,5.66666666666667,1,1,1,96,1,3,,1,7,74,2,1,10.15675088,26,3.912
2iebzlnd,c1mufosc,0.151,48.844,0,7,6.5,3,7,1,12,3.33333333333333,4.66666666666667,7,1,1,1,90,0,4,7,1,7,38,1,1,1.7192282,20,2.763
2o1ggnry,c1mufosc,0.7548,126.212,1,4.66666666666667,3.33333333333333,3.33333333333333,3.33333333333333,1.66666666666667,12,4.33333333333333,4,4,1,1,1,65,0,4,4,1,5,34,1,1,9.48539207,26,12.584
324pcn46,c1mufosc,0.1981,42.571,0,5.83333333333333,5,3.66666666666667,5,2,12.3333333333333,2,4,1,0,0,0,59,0,3,,1,7,18,2,1,2.308523787,2,
3pbhy5hw,c1mufosc,0.4749,40.801,0,6,4.16666666666667,6,6,1,12.3333333333333,3.66666666666667,4.33333333333333,4.33333333333333,0,0,0,80,1,4,6,1,7,35,1,4,6.09587007,16,1.067
41fpikbj,c1mufosc,0.2475,27.122,0,1,1.5,4,1.66666666666667,2.33333333333333,12.6666666666667,1,1.33333333333333,1,1,1,1,1,0,3,,1,4,46,1,1,2.8913870455,26,0.133
4e2tcery,c1mufosc,0.5155,84.782,0,5.33333333333333,6,3.66666666666667,5.66666666666667,2,11,1,4.33333333333333,4,0,0,0,68,1,3,,1,5,32,1,1,5.64674292,23,0.266
4pmmucfp,c1mufosc,0.4675,127.031,0,5.5,3.5,2,3.66666666666667,1.66666666666667,11.3333333333333,2,1.66666666666667,4.33333333333333,1,1,1,80,0,3,,1,4,45,1,1,6.274780753,24,8.024
4ptb9x91,c1mufosc,0.1251,44.559,0,7,7,3.66666666666667,4.33333333333333,1,11,1,4,2,0,0,0,100,1,3,,1,7,33,2,2,1.828931493,7,
4sglrxzr,c1mufosc,0.4441,56.548,0,5.33333333333333,4.5,3.66666666666667,4.66666666666667,2,12.3333333333333,1,2.66666666666667,4,0,0,0,64,0,4,5,1,5,37,1,4,5.77317148,8,
503q8enz,c1mufosc,0.8127,280.647,0,5.83333333333333,4,5,6.33333333333333,1,11.6666666666667,4,5.66666666666667,4,0,0,0,70,0,4,6,1,3,32,1,2,10.82079977,16,0.36
58bf541d,c1mufosc,0.1873,128.85,0,4,4.5,5,4.33333333333333,3.33333333333333,10.3333333333333,4,4.33333333333333,4.33333333333333,0,0,1,67,1,5,5,1,4,38,2,6,2.574933062,15,0.054
5ae566a3,c1mufosc,0.1944,23.815,0,6.33333333333333,6.83333333333333,1.33333333333333,5.66666666666667,1.33333333333333,13.3333333333333,1,4,4,0,0,0,100,0,4,4,1,7,38,1,2,2.161063045,13,
5clpmmge,c1mufosc,0.3119,30.475,0,5,6.16666666666667,3,6.33333333333333,1,11.3333333333333,1,4,4,0,0,0,71,0,3,,1,6,29,2,1,4.69636003,8,
5v3662tx,c1mufosc,0.4073,31.517,0,5,4.83333333333333,1,6,1.33333333333333,12,1,1,3,0,0,0,30,0,4,5,1,6,31,2,2,5.98342033,11,
66w6j6th,c1mufosc,0.5935,95.43,0,6.33333333333333,6.16666666666667,5.33333333333333,2,6,12,2.33333333333333,4.66666666666667,1.33333333333333,0,1,1,90,1,4,5,1,7,25,2,2,8.05766981,16,1.904
6csyhrzp,c1mufosc,0.7902,88.923,0,2.66666666666667,4.33333333333333,2.66666666666667,4.33333333333333,1,11.3333333333333,1.33333333333333,3,2,1,1,1,17,0,4,5,1,5,58,2,1,10.05702584,18,0.245
6noh57uh,c1mufosc,0.4625,215.08,0,1,1,1,2,4.66666666666667,10.6666666666667,3,4,1,1,1,1,0,0,3,,1,5,28,3,3,6.44757666,26,39.82
6vo7hezd,c1mufosc,0.7627,7.636,0,1,1,6.33333333333333,1,1,8,1,1,1,0,0,0,0,0,3,,1,1,27,1,1,9.51565376,4,
72fkq7k6,c1mufosc,0.7445,44.499,0,6.83333333333333,6.83333333333333,5,3.33333333333333,1,11.3333333333333,1,4,5,0,0,1,51,1,4,6,1,6,42,2,1,10.05155118,19,2.515
7f6nhar3,c1mufosc,0.7086,122.4,0,4.5,4.66666666666667,3,1,3.66666666666667,12.3333333333333,1,4,1,0,0,0,90,0,3,,1,7,60,1,1,9.33717112,15,0.673
7herkoy4,c1mufosc,0.1422,123.66,0,4.16666666666667,3.16666666666667,2,3.66666666666667,1,11,1,4,4,0,0,0,31,0,4,4,1,5,24,2,6,1.68437326,16,3.783
7hyfhnpy,c1mufosc,0.1595,208.454,0,6.5,5.5,7,6.33333333333333,1.33333333333333,13,6.33333333333333,5,5.66666666666667,1,1,1,96,1,5,5,1,6,42,1,1,2.412459083,26,0.509
7j2aalcj,c1mufosc,0.6038,118.164,0,6,5.16666666666667,8,5.66666666666667,1,13.3333333333333,2.33333333333333,4,4,0,1,1,67,1,3,,1,5,33,1,1,7.9585671,16,2.135
7neymbd5,c1mufosc,0.1546,97.804,0,3.5,2.5,2.33333333333333,3.33333333333333,2,11.3333333333333,2,3.33333333333333,2.66666666666667,1,1,1,42,0,4,6,1,4,22,2,1,2.245664685,26,2.496
7v5zhuo5,c1mufosc,0.5108,28.162,0,3.16666666666667,3,1.33333333333333,1.66666666666667,4.66666666666667,12.3333333333333,1,1,3.66666666666667,0,0,0,40,0,4,6,1,3,36,1,1,6.15332603,8,
7vxhcjyv,c1mufosc,0.2615,66.7,0,6,5.83333333333333,5.33333333333333,2.33333333333333,4,12.6666666666667,5,5.66666666666667,4.66666666666667,1,1,1,90,1,3,,1,7,35,2,4,3.53149102,24,1.739
82bv7hlx,c1mufosc,0.6162,93.824,0,3.16666666666667,2.83333333333333,3,4.33333333333333,1,11,1,1,3,0,0,0,48,0,3,,1,4,60,1,1,7.91785523,26,3.989
84o0qetm,c1mufosc,0.6245,33.655,0,4,4,4,4,3,11,1,4,4,0,0,0,37,0,4,4,1,3,36,1,1,7.88723048,9,
84pkp2su,c1mufosc,0.5901,88.106,0,2,4,1,4,4.66666666666667,10,1,1,1,0,0,1,50,0,3,,1,3,44,2,1,7.80364609,26,1.901
85xqcua1,c1mufosc,0.6779,62.645,0,7,7,3.33333333333333,4,1,12,1,4,4,0,0,0,100,0,4,7,1,6,21,2,6,8.95425098,7,
8by52yml,c1mufosc,0.3351,131.778,0,4.16666666666667,3.5,2.66666666666667,3.33333333333333,1,11.3333333333333,1,1.33333333333333,3.66666666666667,0,0,0,30,0,4,4,1,3,33,2,1,4.189212803,8,
8ip7wzcm,c1mufosc,0.5741,87.06,0,6.5,6.5,5.66666666666667,4.66666666666667,1.33333333333333,11.3333333333333,1,4,4,0,0,0,82,1,4,7,1,5,35,2,1,8.1146638,13,
8z6fuydn,c1mufosc,0.1409,67.293,0,4.33333333333333,4.83333333333333,2,2.66666666666667,2,12,1,4,1,0,0,0,35,0,5,6,1,7,48,2,1,1.467096422,7,
93t3rn8a,c1mufosc,0.105,129.438,0,6,4.66666666666667,4.66666666666667,5.33333333333333,2,12.6666666666667,4.33333333333333,4.33333333333333,5,0,0,0,71,0,5,7,1,7,46,1,2,1.148860597,11,
9i5hhtt8,c1mufosc,0.3918,100.339,0,5,4.83333333333333,2,6.33333333333333,1,12.3333333333333,1,4,2,1,0,0,85,0,5,5,1,7,30,2,2,5.32175806,22,1.984
9jzzw1e4,c1mufosc,0.1492,27.948,0,5.33333333333333,4.16666666666667,3.33333333333333,5.33333333333333,1,11.6666666666667,1.33333333333333,3,5.33333333333333,1,1,1,91,1,3,,1,5,48,2,1,2.06458501,17,0.336
9p1fsbjl,c1mufosc,0.8136,315.318,0,6.83333333333333,6.83333333333333,2.33333333333333,5,1,12,3,3,1,0,1,1,62,0,5,5,1,7,30,2,2,10.43496098,26,7.071
9vx0qajf,c1mufosc,0.7729,66.018,0,4.66666666666667,5.16666666666667,2.33333333333333,3.66666666666667,3,11.3333333333333,2.33333333333333,5.33333333333333,5.33333333333333,1,1,1,62,0,4,1,1,7,21,1,4,9.57657916,19,1.446
9ztwvfmk,c1mufosc,0.2238,72.66,0,6,6,2.33333333333333,4,2.66666666666667,12,1.66666666666667,1.66666666666667,5.66666666666667,0,1,1,100,0,5,7,1,5,30,1,1,2.401570455,24,3.301
axi662db,c1mufosc,0.7385,64.059,0,5.5,5.66666666666667,4.66666666666667,4.33333333333333,2,10.6666666666667,3.66666666666667,3.33333333333333,5,1,1,1,76,0,4,4,1,7,22,2,1,9.81699338,16,2.895
ayfx88pm,c1mufosc,0.3817,60.166,0,5.83333333333333,6.5,4,4,4,13.3333333333333,1,4,4,0,0,0,50,0,3,,1,5,27,2,1,4.48407575,16,0.799
b1h67til,c1mufosc,0.1663,123.618,0,5,4.33333333333333,4,4.66666666666667,2.66666666666667,12,2.66666666666667,3,4.33333333333333,1,1,1,70,0,3,,1,5,46,2,1,1.7152059925,15,1.324
b2ro41wj,c1mufosc,0.1487,52.202,0,2.16666666666667,1,2.33333333333333,2.66666666666667,3,11,1,4,4,0,0,0,0,0,3,,1,4,59,1,1,1.522287369,2,
b8dabox6,c1mufosc,0.7613,130.411,1,7,4,5,5,1,12.6666666666667,6.33333333333333,3.33333333333333,5,1,1,1,100,1,4,4,1,7,22,1,4,9.92911115,26,11.016
bituzm6y,c1mufosc,0.7337,114.837,0,6,6,5.33333333333333,4.66666666666667,1,12,5.33333333333333,4.33333333333333,5,1,1,1,81,0,4,6,1,6,62,1,1,9.69757602,23,0.548
bqc0000f,c1mufosc,0.7703,40.577,0,4,4.16666666666667,5.33333333333333,4,3,12,2.33333333333333,4,1,0,0,0,44,0,4,7,1,7,18,2,4,9.70514484,11,
bty3amix,c1mufosc,0.779,129.505,1,6.16666666666667,5.5,3,5.33333333333333,1,11.6666666666667,5.33333333333333,5,4.66666666666667,1,1,1,86,1,5,5,1,7,23,2,1,10.35271549,26,8.439
cbxdljk0,c1mufosc,0.6851,109.971,0,5.66666666666667,5.66666666666667,4,4.66666666666667,1,12,4,4.33333333333333,5,1,1,1,44,0,3,,1,5,48,2,1,9.00175845,14,0.957
cp9jnq79,c1mufosc,0.1499,76.112,0,6,6.83333333333333,2,6,1,12.3333333333333,1,2,4,0,0,0,30,0,5,5,1,7,32,2,4,2.2604184385,13,
cveyd6p2,c1mufosc,0.6349,140.001,0,4,4,5,3,2,11,1,4,4,1,1,1,50,0,3,,1,3,32,2,6,8.14676249,16,7.069
d4nkzr0h,c1mufosc,0.1498,8.606,0,6,7,6.33333333333333,5,1,10.3333333333333,1,1,5,0,0,0,100,1,3,,1,4,59,2,1,1.888463754,8,
d8bdgrvl,c1mufosc,0.6439,63.619,0,6.5,6.5,3.66666666666667,5.66666666666667,1,10,1,4,4,0,0,0,100,1,4,4,1,7,58,2,6,8.56521902,14,
df12y1am,c1mufosc,0.1194,44.298,0,3,3,6.33333333333333,2,1.33333333333333,14,1,1,1,0,0,0,1,0,4,1,1,2,37,1,1,1.5799580095,11,
dieo3aho,c1mufosc,0.5905,126.111,0,2.33333333333333,6,1,4,1,12,1,1,1,0,1,1,5,0,4,7,1,4,55,1,1,7.78334044,24,2.074
e2e0g05q,c1mufosc,0.6691,51.955,0,4.5,4.5,1,4,1,11.6666666666667,1,4,4,0,0,0,58,0,3,,1,7,22,1,4,8.67964324,26,0.509
e3fo7w6h,c1mufosc,0.6356,165.151,0,5.66666666666667,6.5,4.66666666666667,5,1.33333333333333,10.3333333333333,1,2.66666666666667,4,0,0,0,80,0,5,6,1,4,41,1,4,8.76893045,7,
ecmvytds,c1mufosc,0.5636,78.011,0,5.33333333333333,6,5.66666666666667,5,1,12,2,4.33333333333333,4,1,1,1,70,1,4,5,1,6,61,2,1,7.27365999,20,0.861
ed62ltpv,c1mufosc,0.3275,53.81,0,5.83333333333333,5.66666666666667,1.66666666666667,4,3.33333333333333,10.6666666666667,1.33333333333333,4,4,1,1,1,50,0,4,2,1,7,25,2,6,4.38942165,22,0.247
ef2l1a48,c1mufosc,0.6513,49.301,0,4.5,4.5,7,3,2,11.6666666666667,1.33333333333333,4,2,1,1,1,80,1,4,4,1,7,33,2,1,8.89899567,15,0.1
eqgntbmt,c1mufosc,0.1398,173.989,0,3,3.16666666666667,1.66666666666667,6,1,13,3,2,3.66666666666667,1,1,1,10,0,4,3,1,7,28,1,2,1.807888715,26,2.053
f0gurhwc,c1mufosc,0.2727,141.215,0,6,5.16666666666667,9,6.66666666666667,1,10.6666666666667,1.66666666666667,4,4,1,1,1,100,1,4,2,1,3,53,2,1,4.0100613,26,0.666
fb67bmc3,c1mufosc,0.6195,179.867,0,3.5,4,3,2,1.33333333333333,10.3333333333333,1,3,3.66666666666667,0,0,0,29,0,4,5,1,2,54,2,1,8.21571536,22,4.868
fbnbsuyw,c1mufosc,0.2531,219.975,0,5,5,5,5,3,12,2,3.33333333333333,3.66666666666667,0,0,0,61,1,5,6,1,6,21,1,2,3.204318695,26,5.317
ffhsl547,c1mufosc,0.8418,70.968,0,6.33333333333333,1.83333333333333,5.33333333333333,5.33333333333333,3,13,1,4,1.66666666666667,0,0,0,92,1,5,6,1,6,42,2,6,11.06930405,17,0.618
fjb94e3a,c1mufosc,0.495,34.125,0,6.33333333333333,6.5,2,5,1,12,7,1.66666666666667,5.33333333333333,1,1,1,61,0,4,4,1,7,34,1,1,6.46387263,18,2.425
fjp036p3,c1mufosc,0.3059,103.13,0,6,6,6.66666666666667,7,1,14,4,4,4,0,0,0,100,1,3,,1,7,29,1,4,3.929122934,26,1.025
fkpd8wyx,c1mufosc,0.3055,114.724,0,5,5,3,5.33333333333333,2,10.3333333333333,4,4,4,0,0,0,90,1,3,,1,7,75,2,1,3.80239308,8,
fnd7cxkh,c1mufosc,0.5544,120.299,0,3.33333333333333,3.16666666666667,2.33333333333333,2.66666666666667,1,11.3333333333333,1,1,1,0,0,0,37,0,5,6,1,5,32,2,6,7.02829486,10,
fqv6je9r,c1mufosc,0.1151,146.295,1,6.5,4.83333333333333,4.33333333333333,4.33333333333333,2.33333333333333,11.6666666666667,6,2.33333333333333,4,1,1,1,88,1,4,5,1,6,30,2,1,1.273550335,26,15.909
g3vtkwni,c1mufosc,0.7869,105.126,0,5.5,5.5,5.66666666666667,5.66666666666667,3.66666666666667,13.3333333333333,4.33333333333333,6,4.66666666666667,1,1,1,91,1,4,6,1,7,18,2,4,10.18407042,26,3.145
geyavs5g,c1mufosc,0.7533,54.663,0,4,3.16666666666667,3.33333333333333,3.33333333333333,1.33333333333333,12.3333333333333,3,1.66666666666667,3,1,1,1,57,1,4,3,1,6,26,1,1,9.53883774,24,2.583
goly9x7m,c1mufosc,0.1906,28.601,0,3.16666666666667,4,1.33333333333333,1.66666666666667,4.66666666666667,12,1,1,1,0,0,0,50,0,4,3,1,5,32,1,4,2.765982437,8,
gwygu061,c1mufosc,0.5843,42.547,0,5.16666666666667,5.16666666666667,2.66666666666667,4,1,11.3333333333333,1,1,4,0,0,0,30,0,3,,1,6,29,2,1,8.60217852,8,
gx0jtyg5,c1mufosc,0.7191,88.039,0,6.5,6,4.66666666666667,4.66666666666667,4.66666666666667,12,1.33333333333333,1,4.66666666666667,1,1,1,100,1,3,,1,7,43,2,1,8.92371589,20,6.512
gx1h90wm,c1mufosc,0.193,47.597,0,4.33333333333333,2.16666666666667,2,2.66666666666667,3.66666666666667,11.3333333333333,1,1.33333333333333,4,1,1,1,75,0,4,3,1,2,38,1,1,2.482426129,18,1.815
gz8c7a8z,c1mufosc,0.1867,31.638,0,6.16666666666667,5.33333333333333,3,4,3,13.6666666666667,1,4,3.66666666666667,1,0,0,100,0,4,5,1,2,37,1,1,1.828559815,8,
hb3na02i,c1mufosc,0.5616,92.233,0,6.66666666666667,5,7,3.66666666666667,3,12.3333333333333,4,5,5.33333333333333,1,1,1,65,0,4,5,1,5,44,1,1,7.07689778,26,4.505
hua4nqzt,c1mufosc,0.8031,78.454,0,6.5,6.16666666666667,5,6,1,11.6666666666667,4,1.66666666666667,5.66666666666667,0,1,1,90,1,4,5,1,7,20,1,1,10.16221077,25,1.391
hw0n5rn8,c1mufosc,0.7581,102.754,0,6.5,2,8.66666666666667,3.33333333333333,5,11.6666666666667,7,4,6,0,0,0,90,1,4,4,1,6,41,1,1,9.56098916,10,
hzii9kx8,c1mufosc,0.3905,42.25,0,5.83333333333333,4.33333333333333,4.33333333333333,3,1,13.6666666666667,2.33333333333333,1.66666666666667,4,1,1,1,69,0,3,,1,7,28,1,4,5.05157792,14,0.699
ifgxiopq,c1mufosc,0.6771,104.281,0,3.66666666666667,3.16666666666667,3.33333333333333,4,4,11.6666666666667,2.66666666666667,3.33333333333333,4,1,1,1,60,1,3,,1,6,23,1,4,8.75533637,26,1.787
igfpr671,c1mufosc,0.408,138.545,0,6.5,2.33333333333333,6.33333333333333,5.33333333333333,2.66666666666667,12.3333333333333,4,4,4,1,1,1,100,1,4,5,1,7,37,2,1,5.25195539,21,4.182
iop1sw6y,c1mufosc,0.6559,97.028,0,5.5,6.33333333333333,3.33333333333333,6.33333333333333,1,11,4,6.66666666666667,6.33333333333333,0,0,0,83,1,3,,1,5,43,2,1,8.57305374,11,
ipjbrsyr,c1mufosc,0.5745,91.575,0,4.83333333333333,2.83333333333333,5,3.33333333333333,3.66666666666667,11.6666666666667,4,4,4,0,0,0,80,1,3,,1,7,57,2,1,7.43356851,10,
ivdaz7yu,c1mufosc,0.8038,25.753,0,5.83333333333333,5.83333333333333,5.33333333333333,6,1,10.3333333333333,1,2.33333333333333,4.33333333333333,0,0,0,76,1,4,5,1,6,22,1,1,10.43696997,8,
j1hcgl05,c1mufosc,0.1792,213.332,0,7,6.66666666666667,5,4.66666666666667,2,12,1.66666666666667,3.66666666666667,4.33333333333333,0,1,1,100,1,3,,1,4,54,2,1,2.664240554,26,1.384
j1wnko96,c1mufosc,0.7332,86.129,0,6,5,3,5.33333333333333,1,11.6666666666667,1,4,3,0,0,0,83,0,4,5,1,6,34,2,1,9.88112075,7,
j4k1pvd9,c1mufosc,0.3601,58.462,0,6.5,6.5,9,5,1,11.6666666666667,1,4,4,0,0,0,70,0,3,,1,5,62,2,1,4.37231775,11,
j9qfj6tk,c1mufosc,0.3349,45.308,0,5,5.16666666666667,3.33333333333333,5.33333333333333,3,12.6666666666667,1.33333333333333,1,1,0,0,0,75,0,4,6,1,5,34,1,4,4.627662755,16,1.823
je4hbv8g,c1mufosc,0.5857,22.03,0,5.5,5.66666666666667,5,5,2.66666666666667,12,5,4.66666666666667,5,0,0,1,73,1,4,6,1,5,30,1,2,7.24517842,26,0.618
jhyf24pr,c1mufosc,0.1144,112.726,0,4,5.83333333333333,1,1.66666666666667,2.33333333333333,11.3333333333333,1,3,4,0,0,0,10,0,4,5,1,6,41,2,1,1.238597299,21,1.644
jmy9y37c,c1mufosc,0.6258,70.787,0,4.33333333333333,4.33333333333333,3,2.33333333333333,1,12.3333333333333,2.66666666666667,4,3.33333333333333,0,0,0,45,0,3,,1,6,34,1,1,7.69640465,18,0.366
jqe7bb5v,c1mufosc,0.5715,61.341,0,7,6,5.66666666666667,3.66666666666667,2,11.3333333333333,1,3,1,0,0,0,100,1,3,,1,6,30,2,6,7.23371759,11,
k1bhh3kg,c1mufosc,0.3058,126.53,0,5.66666666666667,5.16666666666667,6.33333333333333,5.33333333333333,4,12.6666666666667,6,3.33333333333333,5.33333333333333,1,1,1,79,1,5,5,1,6,20,2,2,4.14270306,18,9.277
k82f0xeb,c1mufosc,0.6023,41.113,0,7,4.33333333333333,4.33333333333333,4,4,11.6666666666667,7,4,7,0,1,1,59,1,4,4,1,7,30,1,1,8.40513402,15,1.984
kc5pujjt,c1mufosc,0.1652,82.622,0,6,5.83333333333333,4.66666666666667,4.66666666666667,3.66666666666667,13,5.66666666666667,4.66666666666667,4.66666666666667,1,1,1,74,1,4,5,1,6,31,1,1,1.644197864,17,3.605
kl42gr3f,c1mufosc,0.4554,58.144,0,5.66666666666667,4.33333333333333,4.33333333333333,3.66666666666667,2.33333333333333,10.6666666666667,2,4,4,0,0,0,30,0,3,,1,7,20,1,4,5.73520766,13,
kl9msoi5,c1mufosc,0.1577,130.948,0,6.83333333333333,6.83333333333333,3,5,2.33333333333333,14,6,1,5.33333333333333,1,1,1,100,1,4,7,1,7,41,1,2,2.031034427,26,5.051
kv3jqfvk,c1mufosc,0.6753,124.915,0,5.5,5,3.33333333333333,5,3.33333333333333,12.3333333333333,1,4,3,0,0,0,77,1,4,5,1,7,21,2,1,9.52485041,13,
kxwvsj1v,c1mufosc,0.7616,57.365,0,5.66666666666667,3.33333333333333,5,4.33333333333333,3.33333333333333,11.3333333333333,3,4.33333333333333,3.33333333333333,1,1,1,89,0,3,,1,6,26,2,1,9.25461523,19,1.717
l66er20f,c1mufosc,0.63,27.807,0,5.66666666666667,5.66666666666667,4.33333333333333,5.33333333333333,1,11,2.33333333333333,3.33333333333333,5.33333333333333,0,0,0,60,0,4,5,1,6,64,1,1,8.06749713,9,
lfoasakk,c1mufosc,0.8186,12.075,0,1.33333333333333,2.5,3,3,3,11,3,1,4,0,0,0,16,0,3,,1,7,42,1,1,10.37907507,1,
lio4gvie,c1mufosc,0.6254,81.628,0,5,5,3.33333333333333,5,2,11.6666666666667,4,4,4,0,0,0,59,0,4,7,1,5,37,1,1,8.42641674,9,
lu9b97pd,c1mufosc,0.7817,89.029,0,2.66666666666667,2.5,2.33333333333333,5.33333333333333,2,11,2,2.33333333333333,2.66666666666667,0,0,0,20,0,4,6,1,5,21,1,4,10.33791858,9,
m2cktnhn,c1mufosc,0.641,94.996,0,4.66666666666667,2.33333333333333,1,3.66666666666667,2,11.3333333333333,1,1.33333333333333,1,0,0,0,12,0,4,7,1,7,62,2,1,8.40577243,8,
m4x1a9a1,c1mufosc,0.6821,36.347,0,5.83333333333333,5.83333333333333,5.66666666666667,3.66666666666667,3.33333333333333,12.3333333333333,1,4,4,0,0,0,90,1,3,,1,3,19,1,1,9.12609731,9,
meyd025d,c1mufosc,0.7756,40.822,0,5.83333333333333,4.16666666666667,7.33333333333333,4.66666666666667,4.66666666666667,12.3333333333333,2,4.33333333333333,3.33333333333333,0,0,0,80,0,5,5,1,7,18,1,4,10.25831844,16,0.116
mhy8n33d,c1mufosc,0.277,81.232,0,3.83333333333333,4.66666666666667,1,4.33333333333333,1.66666666666667,12.6666666666667,1,1,3.66666666666667,0,0,0,20,0,4,4,1,7,35,2,1,3.437205012,11,
n0ii5hll,c1mufosc,0.8195,117.465,0,5.16666666666667,2.5,3.66666666666667,4.33333333333333,1.66666666666667,12,2,2.66666666666667,3.66666666666667,1,1,1,63,0,4,3,1,6,38,1,4,10.49127565,26,2.068
n1y3rmnc,c1mufosc,0.6216,49.197,0,6.33333333333333,6,4.33333333333333,5,1,11,5,4.33333333333333,4.33333333333333,0,1,1,92,0,3,,1,5,53,2,1,8.69481239,16,0.266
n7i3pthd,c1mufosc,0.8036,138.198,0,7,7,3.66666666666667,6.66666666666667,3,13.3333333333333,1,5,4,0,0,1,91,1,5,6,1,7,29,1,2,10.85738974,26,24.585
ndl909i9,c1mufosc,0.5177,133.281,0,4,4.66666666666667,5,3.33333333333333,4,11.3333333333333,4.33333333333333,4,4,0,1,1,53,0,3,,1,6,23,2,1,6.41006591,26,1.617
nm7cynoc,c1mufosc,0.8107,71.321,0,4.5,5.66666666666667,2.66666666666667,3.33333333333333,2.33333333333333,12,1,3.66666666666667,1,0,0,0,10,0,5,3,1,7,19,2,4,10.55198839,11,
nqxi2w5s,c1mufosc,0.8068,61.642,0,6.33333333333333,6.33333333333333,5,3,4.33333333333333,12.6666666666667,4.33333333333333,4.33333333333333,5,1,1,1,100,1,4,4,1,5,36,1,1,10.45206607,26,1.139
o1vu5mk4,c1mufosc,0.1837,82.311,0,7,7,2.66666666666667,1,7,10.6666666666667,1,4,4,0,0,0,76,0,5,5,1,6,45,1,1,2.90224928,16,5.673
o6si1sqt,c1mufosc,0.7817,56.039,0,6,6,6,6,1,10.3333333333333,4,4,4,0,0,0,95,1,4,5,1,7,22,2,1,9.96947823,10,
o8mianqu,c1mufosc,0.8041,40.312,0,3.16666666666667,3.66666666666667,1.33333333333333,4.33333333333333,3.66666666666667,11.3333333333333,1,4,4,0,0,0,30,0,4,5,1,7,21,1,1,10.70129102,16,2.017
oahy45ts,c1mufosc,0.1608,159.989,0,6,5.83333333333333,4,6.33333333333333,1,12,5.33333333333333,6.66666666666667,7,0,1,1,91,1,5,6,1,7,27,2,2,2.013816024,26,6.195
oo1y3u0g,c1mufosc,0.6293,130.998,0,7,7,5.66666666666667,5.66666666666667,1,10.3333333333333,6,5,6,1,1,1,100,1,3,,1,6,67,2,1,7.87751188,24,4.72
oor25ex6,c1mufosc,0.314,128.926,0,7,7,1,7,1,10.6666666666667,4,4,4,0,0,0,100,0,4,7,1,7,66,2,1,4.40751276,12,
orkmv306,c1mufosc,0.664,57.341,0,2.33333333333333,1.16666666666667,1.66666666666667,3,4.66666666666667,11.6666666666667,1.66666666666667,3,2,1,1,1,9,0,4,3,1,4,31,1,1,8.50325823,15,0.783
ov0sl052,c1mufosc,0.3561,66.036,0,7,4,7.66666666666667,4,3.33333333333333,11,1,7,1.66666666666667,0,0,0,82,1,4,1,1,2,44,2,1,5.07849931,26,0.85
ovss5etz,c1mufosc,0.7203,268.235,0,4,4,5,4,5.66666666666667,12.6666666666667,1,3,2,0,0,0,50,0,3,,1,4,29,2,6,8.9169701,26,0.398
p3491ggw,c1mufosc,0.5216,155.258,0,4.83333333333333,4.83333333333333,1.66666666666667,4.33333333333333,2.33333333333333,11.3333333333333,1.66666666666667,3,4,1,1,1,91,1,4,6,1,5,37,2,1,6.77852948,23,6.633
pdg1c53p,c1mufosc,0.2017,83.258,0,6,7,2.66666666666667,4,1,10,1,4,1,0,0,0,50,0,3,,1,7,51,2,1,2.4095847,13,
pjvc9my3,c1mufosc,0.6963,52.109,0,6,6,2.66666666666667,6,1,12.6666666666667,1,4,1,0,0,1,100,1,3,,1,7,66,2,1,8.8874118,16,3.035
pktx8mbw,c1mufosc,0.7574,94.927,0,7,7,3.66666666666667,4,1,11,1,4,4,1,1,1,90,1,3,,1,3,42,2,1,9.66024415,24,1.203
pnph78qn,c1mufosc,0.2588,40.392,0,7,7,6.66666666666667,5,1,10.3333333333333,1,5.66666666666667,4,0,0,0,100,1,3,,2,4,37,2,1,3.214668695,6,
pxxakqk7,c1mufosc,0.2649,70.271,0,6.5,6,5.66666666666667,5.66666666666667,1,12,1.66666666666667,1.33333333333333,3.66666666666667,0,1,1,90,1,3,,1,7,51,2,1,3.162483147,16,1.177
q4fgsqx5,c1mufosc,0.4177,109.544,0,7,6.83333333333333,4,6,1.33333333333333,12,2.33333333333333,3.33333333333333,4.33333333333333,1,1,1,100,1,4,5,1,7,52,2,1,5.71990188,16,2.52
qc68gx0g,c1mufosc,0.4259,43.643,0,6.33333333333333,5.66666666666667,4,7,1,10.6666666666667,1,1,2,0,1,1,68,1,4,4,1,3,30,2,1,5.84415056,24,3.638
qkgm48cs,c1mufosc,0.5232,71.218,0,5.33333333333333,5.16666666666667,3,4.33333333333333,1.33333333333333,12,4,4,4,0,0,0,60,0,4,5,1,6,37,1,1,6.37086039,16,0.499
qmhxllm0,c1mufosc,0.417,230.876,0,6.83333333333333,6.83333333333333,5.33333333333333,4.66666666666667,2,12.6666666666667,2,5,3.33333333333333,1,1,1,92,1,3,,1,6,43,1,1,5.09533579,26,0.884
qr0x6prk,c1mufosc,0.8085,35.992,0,5,5,3,3.66666666666667,6,11.6666666666667,1,4,4,0,0,0,62,0,3,,1,6,30,2,1,10.39132326,9,
qwit4qj7,c1mufosc,0.7889,40.694,0,3.16666666666667,3.33333333333333,2.33333333333333,4,1.33333333333333,11.6666666666667,1,4,4,0,0,0,8,0,4,4,1,7,22,1,2,9.99287706,10,
r4oewean,c1mufosc,0.1676,149.498,0,5.33333333333333,5.66666666666667,3.33333333333333,4,4,11.6666666666667,3,4,4,0,0,0,50,0,3,,1,7,36,2,1,2.072005565,26,16.825
rc5n4gob,c1mufosc,0.5503,35.178,0,5.5,5,3.66666666666667,5.33333333333333,1.33333333333333,11,2.33333333333333,2.66666666666667,4.33333333333333,0,0,1,82,0,5,5,1,7,30,1,1,6.74178294,8,
rk9qfy1z,c1mufosc,0.1695,32.96,0,4.83333333333333,5,5,4.66666666666667,1.66666666666667,12,2.66666666666667,4,3.66666666666667,0,1,1,70,1,5,5,1,6,30,1,2,2.314914131,16,2.484
rlqkebn5,c1mufosc,0.7689,27.732,0,4.33333333333333,4.83333333333333,1,4,1.33333333333333,11.6666666666667,1,4,1,0,0,0,61,0,4,4,1,7,26,1,4,10.12904108,8,
rnbudyhn,c1mufosc,0.6634,74.024,0,6,5.5,5.33333333333333,3.66666666666667,4.33333333333333,12,4.66666666666667,4.66666666666667,4,0,0,0,74,1,3,,1,6,52,1,2,8.62559024,21,0.967
rsurf91w,c1mufosc,0.7091,36.089,0,6,6.66666666666667,2,5.33333333333333,1,11.6666666666667,1,4,2,0,0,0,84,0,5,4,1,7,22,2,1,9.15803514,8,
rwix3i55,c1mufosc,0.2286,122.532,0,3.66666666666667,4.5,2.33333333333333,4.33333333333333,2.33333333333333,11,1,2,3.33333333333333,0,1,1,30,0,4,2,1,7,41,2,1,2.574219582,26,1.238
s1392tjt,c1mufosc,0.135,65.447,0,4.16666666666667,6.16666666666667,1.33333333333333,4,1.66666666666667,10.6666666666667,4,2.66666666666667,4,1,1,1,40,0,4,3,1,6,32,1,2,2.008078503,20,2.901
s94hxlxx,c1mufosc,0.7103,69.758,0,4.66666666666667,5.16666666666667,2.33333333333333,5.33333333333333,1.66666666666667,10.3333333333333,5,5,4,0,0,0,70,1,3,,1,5,29,2,1,9.7045405,24,0.493
snd6u5rk,c1mufosc,0.1156,52.28,0,5.33333333333333,6,4,3.33333333333333,2,11,4,4,4,0,0,0,66,0,4,4,1,6,42,1,1,1.55357264,8,
st9jr19v,c1mufosc,0.7852,125.176,0,4,1.66666666666667,3.66666666666667,4,5,11.3333333333333,4.33333333333333,5.33333333333333,4,1,1,1,70,1,4,5,1,4,41,1,1,10.29667099,26,3.709
t2kc154y,c1mufosc,0.1791,140.634,0,4.5,3.66666666666667,3,4.66666666666667,2,12.3333333333333,3.33333333333333,4.33333333333333,4.33333333333333,1,1,1,52,0,3,,1,6,58,2,1,1.837743724,26,3.001
ta6279lh,c1mufosc,0.4167,115.633,0,5.16666666666667,5.33333333333333,5,5.66666666666667,1.66666666666667,11.3333333333333,2,3.33333333333333,4.66666666666667,0,0,0,91,0,4,5,1,5,35,2,2,5.56139905,6,
tcu7rhdt,c1mufosc,0.7241,112.224,0,5,4.33333333333333,6.66666666666667,4.66666666666667,1,11.6666666666667,2.66666666666667,4,3.66666666666667,0,1,1,70,1,5,5,1,5,27,1,1,9.76155688,26,1.968
tghlnon1,c1mufosc,0.3341,163.057,0,5.16666666666667,5.16666666666667,3,1,1,11,3,3,4,1,1,1,50,0,3,,1,4,26,2,1,4.70512025,26,2.683
tk1y7mxs,c1mufosc,0.6484,103.564,0,4.66666666666667,4.16666666666667,3,3.66666666666667,1,13,2.66666666666667,2.66666666666667,2.66666666666667,1,1,1,10,1,4,4,1,3,34,1,4,8.62869082,26,9.491
tpcnkoia,c1mufosc,0.3267,130.863,0,5.83333333333333,5.33333333333333,3.33333333333333,3.66666666666667,1,12,2,4,3,0,1,1,95,0,4,4,1,4,43,1,1,4.492783275,25,0.694
tu1p0e68,c1mufosc,0.767,48.168,1,2,2,1,1,1,11.6666666666667,4.66666666666667,4,1,1,1,1,50,1,3,,1,7,25,1,4,9.76561478,26,8.329
uaziy1b7,c1mufosc,0.5412,19.429,0,7,5,8,5.33333333333333,2,11.6666666666667,1,4,3,0,0,0,85,1,3,,1,5,39,2,1,7.21808395,8,
udyse19r,c1mufosc,0.7611,63.567,0,2.66666666666667,3,5.33333333333333,5.66666666666667,1,11.3333333333333,1,4,4,0,0,0,51,0,3,,1,3,35,2,1,10.04896592,16,4.79
umwrjjln,c1mufosc,0.5337,147.524,0,5.16666666666667,4.5,4.66666666666667,4,1,11.6666666666667,3.66666666666667,4.33333333333333,4,1,1,1,85,1,3,,1,5,46,2,4,6.82935506,24,13.15
untr4rg4,c1mufosc,0.2132,54.105,0,4.66666666666667,4.66666666666667,3.66666666666667,4.66666666666667,2,10.6666666666667,1,1.66666666666667,4,0,0,0,50,1,4,3,1,4,30,2,4,2.331622153,11,
uu3tewma,c1mufosc,0.2491,74.303,0,4.5,4.5,3,4.33333333333333,2.66666666666667,11.6666666666667,2,4,4.66666666666667,1,1,1,50,0,4,4,1,6,52,1,1,2.790871723,26,5.084
uupocv5a,c1mufosc,0.797,115.221,0,5.5,5.33333333333333,4.33333333333333,4.66666666666667,1.33333333333333,11.3333333333333,4,3.66666666666667,4,0,1,1,78,0,4,5,1,5,53,1,6,10.36601722,23,1.381
vg2f3mwo,c1mufosc,0.8401,80.572,0,4.5,4.5,2.33333333333333,3,2.66666666666667,10.6666666666667,2.33333333333333,2.33333333333333,3.66666666666667,1,1,1,75,0,4,6,1,5,26,1,1,10.73620167,26,1.034
vk4fw79h,c1mufosc,0.3153,122.857,0,5,5.66666666666667,3,3.33333333333333,4,13,1.33333333333333,4,4,0,0,0,50,0,4,6,1,5,22,2,3,4.246339685,9,
vnj45t87,c1mufosc,0.7994,143.642,0,4.83333333333333,4.83333333333333,5,4.33333333333333,1,12,4,4,4,0,0,0,50,1,3,,1,4,47,2,2,10.55555099,24,0.878
vuaam4t0,c1mufosc,0.8271,115.895,0,5.33333333333333,5.16666666666667,5,4.66666666666667,1,11.6666666666667,4.33333333333333,4,5,1,1,1,70,1,3,,1,6,46,1,1,10.49108994,24,7.4
vwb2bi5f,c1mufosc,0.7776,122.022,0,5.33333333333333,5.33333333333333,5.66666666666667,4.66666666666667,1.66666666666667,11,1,4,4,0,0,0,50,1,3,,1,3,47,1,4,10.12398204,24,0.087
w3nit9i2,c1mufosc,0.3429,36.121,0,2,1.33333333333333,1,4.33333333333333,1,13,1,4,4,0,0,0,30,0,4,4,1,4,30,1,6,4.41548971,26,1.629
w4ffb9if,c1mufosc,0.268,112.585,0,3,1,3.33333333333333,2.66666666666667,5,12,3.33333333333333,2.66666666666667,4.33333333333333,0,1,1,32,0,4,4,1,6,44,2,1,3.598969642,21,2.06
waivqbqk,c1mufosc,0.4409,34.596,0,5.33333333333333,6,6,5,1,13,4.33333333333333,5,4.33333333333333,1,1,1,66,0,4,7,1,5,21,1,4,5.43215266,16,0.434
wti2i8v5,c1mufosc,0.8017,28.341,0,3.16666666666667,3.16666666666667,6,5,2,12,1,1,2,0,0,0,25,0,4,2,1,4,33,1,1,10.11362784,12,
x2f8m0r3,c1mufosc,0.5748,50.245,0,3,4,1.66666666666667,4.33333333333333,4,11.3333333333333,2,4,4,0,0,0,38,0,4,3,1,5,41,2,1,6.9919292,8,
x5pclva4,c1mufosc,0.3378,292.258,0,5.83333333333333,4.83333333333333,5.66666666666667,6,1,12.6666666666667,3.33333333333333,6,6,0,0,1,100,1,3,,1,7,35,1,1,4.938791285,26,0.903
x6dsfh7j,c1mufosc,0.4377,180.26,0,5.33333333333333,4.33333333333333,4.66666666666667,2.66666666666667,2,13,2.33333333333333,3,4,1,1,1,60,1,4,4,1,6,48,2,6,5.60363503,24,5.165
xh6690ys,c1mufosc,0.8349,50.619,0,6.66666666666667,7,4.66666666666667,4.66666666666667,4,12,2,4,4,0,0,0,81,0,4,7,1,7,21,3,6,10.84648861,20,1.067
xtmp2n21,c1mufosc,0.1584,97.137,0,7,6.16666666666667,8,7,1,10,6,3.66666666666667,6,0,0,0,100,1,4,7,1,7,63,1,1,2.260818,26,1.517
xy5rlztp,c1mufosc,0.6448,76.687,0,5.66666666666667,5.83333333333333,6.33333333333333,6.33333333333333,1.33333333333333,11.6666666666667,4,4,4,0,0,0,38,0,5,5,1,7,31,1,1,8.40964843,16,3.771
y33bxwqy,c1mufosc,0.5608,63.939,0,7,7,4.66666666666667,2,2.33333333333333,11.6666666666667,1,4.33333333333333,3.66666666666667,0,0,0,70,0,4,5,1,7,27,2,1,7.5824416,10,
y4zlpla0,c1mufosc,0.1654,103.899,0,7,6,4,5,1,12,7,5.33333333333333,7,1,1,1,100,0,4,5,1,7,53,2,1,1.5721968015,21,2.942
yngajjn7,c1mufosc,0.1229,54.275,0,6.16666666666667,6,5,3.33333333333333,1,12,3,4,4,0,0,0,80,1,4,6,1,7,36,2,1,1.24303463,10,
yrffkrzk,c1mufosc,0.6929,47.688,0,4.5,4.66666666666667,2.66666666666667,4,4,11.6666666666667,3,4.33333333333333,5,0,1,1,71,1,5,6,1,5,23,2,7,8.97286807,16,2.188
yxlkhi7a,c1mufosc,0.3763,23.279,0,6,6,5.33333333333333,4,1,11.6666666666667,1,4,1,0,0,0,33,0,4,7,1,7,24,1,1,5.35273325,24,0.249
yz3igyr9,c1mufosc,0.3043,169.719,1,6.16666666666667,3.5,3.66666666666667,5.33333333333333,1,12,7,3.33333333333333,4,1,1,1,70,1,3,,1,7,27,1,4,3.789983284,26,0.971
z0hfwjnp,c1mufosc,0.1096,63.2,0,7,7,5.33333333333333,6,1,12,4,3.66666666666667,6.33333333333333,0,0,0,100,0,5,7,1,6,36,1,1,1.486596288,8,
z1tlt3h2,c1mufosc,0.1753,98.06,0,5.83333333333333,6.33333333333333,6.66666666666667,4.33333333333333,1,12,4.33333333333333,5,3,1,1,1,35,0,4,4,1,5,22,2,2,1.767451842,19,1.028
z4we6g64,c1mufosc,0.7503,85.471,0,6.16666666666667,5.66666666666667,3,4.33333333333333,5,10.6666666666667,1.66666666666667,3,3.33333333333333,1,1,1,67,0,3,,1,3,21,2,1,9.43286885,23,1.185
zet5ga0k,c1mufosc,0.1589,113.615,0,5.33333333333333,5,3.33333333333333,4,1,11.6666666666667,4.66666666666667,4,3.33333333333333,0,1,1,56,0,4,4,1,5,43,1,1,2.04166741,22,0.502
zg5awpki,c1mufosc,0.803,65.352,0,6,4.83333333333333,3,3.33333333333333,2,12.3333333333333,1.66666666666667,1.33333333333333,3.33333333333333,0,0,0,89,1,4,6,1,6,32,2,2,10.56575126,12,
zsmvhjvw,c1mufosc,0.4111,73.892,0,5.83333333333333,6.5,6,6.66666666666667,1,13.3333333333333,6.33333333333333,6,7,0,1,1,83,0,5,4,1,7,30,2,2,5.69731521,18,1.817
zssnauxr,c1mufosc,0.5383,60.882,0,7,7,2.33333333333333,4,1,12.3333333333333,5,4,7,1,1,1,90,1,5,5,1,7,28,1,6,6.88043917,15,2.478
zt0zlgb2,c1mufosc,0.144,77.609,0,4.5,4,4.66666666666667,5,5.66666666666667,11.3333333333333,4.66666666666667,4.66666666666667,4.66666666666667,0,0,1,66,1,4,5,1,5,34,1,1,1.9535685875,26,0.082
